"admin2Name","admin1Name","Shape_Leng","Shape_Area","LGA","ID","Area_km2","clust"
"Aba North","Abia",0.23707440507,0.00152392098518,"Aba North",1,18.685398543175,"1_1"
"Aba South","Abia",0.26247720417,0.00353110372757,"Aba South",2,43.2982119878326,"1_1"
"Arochukwu","Abia",1.2634238182,0.0425466644754,"Arochukwu",64,521.349504884296,"1_1"
"Bende","Abia",1.36037955937,0.050512603746,"Bende",98,618.806857162719,"1_1"
"Ikwuano","Abia",0.752886530665,0.0227141707335,"Ikwuano",325,278.379617083779,"1_1"
"Isiala-Ngwa North","Abia",0.863972140408,0.0231323561835,"Isiala-Ngwa North",351,283.557310214392,"1_1"
"Isiala-Ngwa South","Abia",0.918367205137,0.0226038433363,"Isiala-Ngwa South",352,277.034251985626,"1_1"
"Isiukwuato","Abia",0.775926952781,0.03123529542,"Isiukwuato",355,382.56194489504,"1_1"
"Obi Ngwa","Abia",0.877277667069,0.0329439646822,"Obi Ngwa",520,403.9184404731,"1_1"
"Ohafia","Abia",0.946685863688,0.0359261382567,"Ohafia",547,440.113155648311,"1_1"
"Osisioma Ngwa","Abia",0.604803524814,0.0142538009955,"Osisioma Ngwa",597,174.753321910432,"1_1"
"Ugwunagbo","Abia",0.494289989544,0.0102743402559,"Ugwunagbo",693,125.995533670995,"1_1"
"Ukwa East","Abia",0.855623751982,0.02306330249,"Ukwa East",697,282.865371023619,"1_1"
"Ukwa West","Abia",0.779764415232,0.0226142014083,"Ukwa West",698,277.350558761819,"1_1"
"Umu-Nneochi","Abia",0.815121421369,0.0300615161889,"Umu-Nneochi",700,368.079445313338,"1_1"
"Umuahia North","Abia",0.790264382563,0.0185675143851,"Umuahia North",701,227.492389055924,"1_1"
"Umuahia South","Abia",0.491300856267,0.0110381675308,"Umuahia South",702,135.262133193162,"1_1"
"Demsa","Adamawa",1.92366897826,0.129068077789,"Demsa",151,1567.9356445375,"2_1"
"Fufore","Adamawa",3.74795273885,0.389154823956,"Fufore",214,4730.04604957511,"2_1"
"Ganye","Adamawa",2.1220512573,0.171992268204,"Ganye",223,2094.78887136898,"2_2"
"Gombi","Adamawa",1.84247470788,0.178513458061,"Gombi",235,2163.60532805865,"2_3"
"Girei","Adamawa",1.47802903766,0.0982477154362,"Girei",239,1193.34934204704,"2_1"
"Guyuk","Adamawa",1.1664443572,0.0567351489709,"Guyuk",250,688.352614190673,"2_1"
"Hong","Adamawa",2.2331108482,0.219586682178,"Hong",261,2660.48573605731,"2_3"
"Jada","Adamawa",3.04735176855,0.213870761591,"Jada",368,2603.05451466851,"2_2"
"Lamurde","Adamawa",1.42085436514,0.0910710524592,"Lamurde",444,1105.8462428821,"2_1"
"Madagali","Adamawa",1.19035742961,0.0686756433778,"Madagali",454,830.719458474639,"2_4"
"Maiha","Adamawa",1.75450229397,0.111810671854,"Maiha",459,1356.49535508283,"2_3"
"Mayo-Belwa","Adamawa",2.72893133991,0.173411681987,"Mayo-Belwa",474,2108.98546467377,"2_2"
"Michika","Adamawa",1.11393528386,0.0669660301721,"Michika",477,810.654950108904,"2_4"
"Mubi North","Adamawa",1.04665664981,0.0621980486299,"Mubi North",487,753.438926410948,"2_3"
"Mubi South","Adamawa",0.97472422395,0.0414776696298,"Mubi South",488,502.721437769337,"2_3"
"Numan","Adamawa",1.60277168574,0.0687044561621,"Numan",515,834.531075406793,"2_1"
"Shelleng","Adamawa",1.58868145976,0.0993875179857,"Shelleng",648,1205.75068241884,"2_1"
"Song","Adamawa",2.75705667721,0.332858124355,"Song",659,4038.66965696253,"2_3"
"Toungo","Adamawa",3.36082157198,0.457437220744,"Toungo",682,5577.6562484925,"2_5"
"Yola South","Adamawa",1.65703758853,0.0766115692685,"Yola South",735,931.05230275882,"2_1"
"Yola North","Adamawa",0.274342900833,0.00522788646738,"Yola North",736,63.5343554247252,"2_1"
"Abak","Akwa Ibom",0.687149767603,0.014528690659,"Abak",4,178.166671247827,"3_1"
"Eastern Obolo","Akwa Ibom",0.695187968105,0.0100176051847,"Eastern Obolo",160,122.934427986395,"3_1"
"Eket","Akwa Ibom",0.668203363683,0.0135458789867,"Eket",175,166.205951427872,"3_1"
"Esit - Eket","Akwa Ibom",0.466958319904,0.0138070777835,"Esit - Eket",193,169.41021001547,"3_1"
"Essien Udim","Akwa Ibom",0.735536213143,0.023585098173,"Essien Udim",194,289.188064179265,"3_1"
"Etim Ekpo","Akwa Ibom",0.842922275723,0.017968734339,"Etim Ekpo",199,220.369007063527,"3_1"
"Etinan","Akwa Ibom",0.674628266594,0.01409205985,"Etinan",200,172.864074313463,"3_1"
"Ibeno","Akwa Ibom",1.11223453004,0.0198337354977,"Ibeno",272,243.381998992669,"3_1"
"Ibesikpo Asutan","Akwa Ibom",0.59795442119,0.0142781356522,"Ibesikpo Asutan",273,175.12155075425,"3_1"
"Ibiono Ibom","Akwa Ibom",0.984419854672,0.027420720065,"Ibiono Ibom",275,336.167470030274,"3_1"
"Ika","Akwa Ibom",0.491249133611,0.00935048671959,"Ika",308,114.66776580101,"3_1"
"Ikono","Akwa Ibom",0.867660274639,0.02142038175,"Ikono",318,262.60390434908,"3_1"
"Ikot Abasi","Akwa Ibom",0.847532328273,0.0273565630934,"Ikot Abasi",320,335.674905892969,"3_1"
"Ikot Ekpene","Akwa Ibom",0.41414642638,0.00945298202851,"Ikot Ekpene",321,115.892265599768,"3_1"
"Ini","Akwa Ibom",0.950457470573,0.0312420305974,"Ini",338,382.902526986217,"3_1"
"Itu","Akwa Ibom",0.695595485474,0.0147022575058,"Itu",362,180.259275141467,"3_1"
"Mbo","Akwa Ibom",1.93319801877,0.0196799799384,"Mbo",476,241.466737364784,"3_1"
"Mkpat Enin","Akwa Ibom",0.983547086884,0.0285479800887,"Mkpat Enin",482,350.253648846557,"3_1"
"Nsit Atai","Akwa Ibom",0.516742026902,0.0106573737036,"Nsit Atai",511,130.729909884305,"3_1"
"Nsit Ibom","Akwa Ibom",0.532428483043,0.0106523723516,"Nsit Ibom",512,130.654992479797,"3_1"
"Nsit Ubium","Akwa Ibom",0.626366975439,0.0163791179526,"Nsit Ubium",513,200.938614995407,"3_1"
"Obot Akara","Akwa Ibom",0.635477101634,0.0191574550424,"Obot Akara",524,234.848861799044,"3_1"
"Okobo","Akwa Ibom",0.711861944452,0.0245426300102,"Okobo",560,301.056410761803,"3_1"
"Onna","Akwa Ibom",0.654078483002,0.0133591664049,"Onna",577,163.916741132962,"3_1"
"Oron","Akwa Ibom",0.295065142584,0.00425037837432,"Oron",586,52.1389176899128,"3_1"
"Oruk Anam","Akwa Ibom",1.04344249832,0.0443836585022,"Oruk Anam",590,544.448018016932,"3_1"
"Udung Uko","Akwa Ibom",0.340002516418,0.00478349767149,"Udung Uko",690,58.6835375625326,"3_1"
"Ukanafun","Akwa Ibom",0.568350762256,0.0177970134954,"Ukanafun",695,218.292546764191,"3_1"
"Uruan","Akwa Ibom",0.859557869918,0.0282706356822,"Uruan",705,346.690474121882,"3_1"
"Urue-Offong/Oruko","Akwa Ibom",0.519025768522,0.00943816244826,"Urue-Offong/Oruko",706,115.79194845133,"3_1"
"Uyo","Akwa Ibom",0.968980982461,0.0149742940421,"Uyo",710,183.634749305041,"3_1"
"Aguata","Anambra",0.675251657029,0.0141702327108,"Aguata",22,173.497698094052,"4_1"
"Anambra East","Anambra",0.759546927297,0.021152285817,"Anambra East",50,258.827538529833,"4_1"
"Anambra West","Anambra",1.53023553221,0.0779629284201,"Anambra West",51,953.646031167599,"4_1"
"Anaocha","Anambra",0.43748927158,0.0082307882823,"Anaocha",52,100.756677893309,"4_1"
"Awka North","Anambra",0.689468203302,0.0282289402539,"Awka North",75,345.401659969636,"4_1"
"Awka South","Anambra",0.463895590984,0.0141700321256,"Awka South",76,173.427653537762,"4_1"
"Ayamelum","Anambra",1.12392749235,0.0482660096901,"Ayamelum",77,590.322788129775,"4_1"
"Njikoka","Anambra",0.461661046994,0.00796170529285,"Njikoka",156,97.4453443166574,"4_1"
"Ekwusigo","Anambra",0.551291869084,0.0099576327232,"Ekwusigo",180,121.917520762851,"4_1"
"Idemili North","Anambra",0.554048399156,0.010816902749,"Idemili North",280,132.405360113585,"4_1"
"Idemili South","Anambra",0.60134821894,0.0107220941774,"Idemili South",281,131.258738943255,"4_1"
"Ihiala","Anambra",0.710830236118,0.0196649531478,"Ihiala",300,240.830178147653,"4_1"
"Dunukofia","Anambra",0.466084952604,0.004360729904,"Dunukofia",505,53.3672895018045,"4_1"
"Nnewi North","Anambra",0.331040378218,0.00560197241389,"Nnewi North",509,68.5861783036116,"4_1"
"Nnewi South","Anambra",0.559230354681,0.012595602059,"Nnewi South",510,154.227585095382,"4_1"
"Ogbaru","Anambra",1.13746947398,0.0422799493025,"Ogbaru",537,517.754052911073,"4_1"
"Onitsha North","Anambra",0.254337002389,0.00307348861148,"Onitsha North",575,37.6188061052902,"4_1"
"Onitsha South","Anambra",0.126353783799,0.000810394426424,"Onitsha South",576,9.91953493291147,"4_1"
"Orumba North","Anambra",0.942610559155,0.0262224340592,"Orumba North",591,320.991718110448,"4_1"
"Orumba South","Anambra",0.726566752068,0.0153748029845,"Orumba South",592,188.242180156023,"4_1"
"Oyi","Anambra",0.46152623034,0.0110368800475,"Oyi",609,135.074421047522,"4_1"
"Alkaleri","Bauchi",3.4211092045,0.495844973199,"Alkaleri",48,6015.07823087772,"5_1"
"Bauchi","Bauchi",2.54455347074,0.301522989098,"Bauchi",94,3653.84986041155,"5_1"
"Bogoro","Bauchi",1.15482467613,0.0733498235836,"Bogoro",111,890.48379464043,"5_2"
"Damban","Bauchi",1.30062746502,0.0910380904158,"Damban",137,1098.22310496092,"5_3"
"Darazo","Bauchi",2.96767428468,0.252626211276,"Darazo",144,3052.47103224488,"5_3"
"Dass","Bauchi",1.06629748259,0.056768916334,"Dass",145,688.43311474344,"5_2"
"Gamawa","Bauchi",2.37350012442,0.243789586878,"Gamawa",221,2936.53689413816,"5_4"
"Ganjuwa","Bauchi",3.33549318297,0.404152705602,"Ganjuwa",222,4889.69278737059,"5_5"
"Giade","Bauchi",1.27114545822,0.0621317103927,"Giade",234,750.072591719088,"5_3"
"Itas/Gadau","Bauchi",2.31987904324,0.137162126404,"Itas/Gadau",360,1653.23583215343,"5_6"
"Jama'are","Bauchi",0.834950260681,0.0317107919623,"Jama'are",372,382.45886704052,"5_6"
"Katagum","Bauchi",1.9362122524,0.110003605305,"Katagum",402,1326.81801404738,"5_3"
"Kirfi","Bauchi",1.89800728261,0.18732262756,"Kirfi",416,2268.79553741193,"5_1"
"Misau","Bauchi",1.41550177094,0.082634573766,"Misau",481,997.645277649321,"5_3"
"Ningi","Bauchi",2.62679618563,0.384580893594,"Ningi",503,4648.37753836378,"5_7"
"Shira","Bauchi",1.6294270189,0.113554810153,"Shira",651,1370.57354095873,"5_6"
"Tafawa-Balewa","Bauchi",3.65184692525,0.202321179585,"Tafawa-Balewa",668,2454.91630222125,"5_2"
"Toro","Bauchi",3.70858928293,0.567871042525,"Toro",680,6877.24275773584,"5_7"
"Warji","Bauchi",0.9203728935,0.0545266429409,"Warji",716,658.821123821354,"5_5"
"Zaki","Bauchi",2.55831979749,0.158104234284,"Zaki",740,1902.99018225571,"5_4"
"Brass","Bayelsa",1.93317618333,0.0768689439995,"Brass",120,943.503606264454,"6_1"
"Ekeremor","Bayelsa",2.17878591463,0.148028818193,"Ekeremor",174,1815.49195721018,"6_1"
"Kolokuma/Opokuma","Bayelsa",0.798168525434,0.0285859446458,"Kolokuma/Opokuma",423,350.517215051166,"6_1"
"Nembe","Bayelsa",1.76205838575,0.114335636015,"Nembe",499,1403.07595858156,"6_1"
"Ogbia","Bayelsa",1.09963417006,0.0552787836532,"Ogbia",538,678.138142051531,"6_1"
"Sagbama","Bayelsa",2.32221045529,0.0773732559627,"Sagbama",636,948.680143368084,"6_1"
"Southern Ijaw","Bayelsa",2.57933494389,0.220659313773,"Southern Ijaw",660,2707.33887935702,"6_1"
"Yenegoa","Bayelsa",1.3800470376,0.0556372093364,"Yenegoa",734,682.270416413474,"6_1"
"Ado","Benue",1.81920651514,0.097102067465,"Ado",13,1187.06284342085,"7_1"
"Agatu","Benue",1.46345836537,0.0859025375983,"Agatu",20,1047.66729181207,"7_2"
"Apa","Benue",1.12953956372,0.0759916459814,"Apa",59,927.28092699135,"7_2"
"Buruku","Benue",2.04948332853,0.0960403729673,"Buruku",127,1172.69035714774,"7_3"
"Gboko","Benue",1.96546905787,0.155583470672,"Gboko",231,1899.69474214449,"7_3"
"Guma","Benue",2.53386998207,0.234746916002,"Guma",244,2862.67076611,"7_4"
"Gwer East","Benue",2.00312628245,0.163344232107,"Gwer East",257,1994.36335043551,"7_4"
"Gwer West","Benue",1.4194365767,0.117308994126,"Gwer West",258,1431.53611110254,"7_4"
"Katsina-Ala","Benue",2.43647011353,0.220366725796,"Katsina-Ala",405,2691.14337220943,"7_3"
"Konshisha","Benue",1.86777090034,0.137885555584,"Konshisha",424,1684.72255227141,"7_5"
"Kwande","Benue",2.20770179342,0.192360147885,"Kwande",438,2351.52857944381,"7_5"
"Logo","Benue",1.69466793123,0.13322530727,"Logo",451,1625.60757298362,"7_3"
"Makurdi","Benue",0.990939575142,0.0665723512651,"Makurdi",462,812.17713443571,"7_4"
"Obi","Benue",0.899676964494,0.040674899373,"Obi_Benue",521,497.013547575899,"7_1"
"Ogbadibo","Benue",1.02393669026,0.049329914458,"Ogbadibo",536,602.773510855069,"7_1"
"Ohimini","Benue",1.0031142307,0.0490219301016,"Ohimini",551,598.708643524046,"7_1"
"Oju","Benue",1.62982560206,0.0973788677381,"Oju",554,1190.29925124686,"7_1"
"Okpokwu","Benue",1.41282597161,0.0756659222978,"Okpokwu",562,924.523528849018,"7_1"
"Oturkpo","Benue",1.99992578229,0.111623163753,"Oturkpo",599,1363.08479410007,"7_1"
"Tarka","Benue",0.834290986894,0.0391267337607,"Tarka",676,477.478942297433,"7_3"
"Ukum","Benue",1.62604504893,0.146166978488,"Ukum",696,1783.53041482911,"7_3"
"Ushongo","Benue",1.86697701679,0.112946745502,"Ushongo",707,1379.95197798229,"7_5"
"Vandeikya","Benue",1.34155613723,0.0799977795201,"Vandeikya",712,977.846921883942,"7_5"
"Abadam","Borno",3.07531581882,0.326867839893,"Abadam",748,3916.2492437083,"8_1"
"Askira/Uba","Borno",2.71360474365,0.206528008826,"Askira/Uba",749,2499.53686563382,"8_2"
"Bama","Borno",3.14954576002,0.415833511067,"Bama",750,5017.65075367522,"8_3"
"Bayo","Borno",1.43585718321,0.0781755815171,"Bayo",751,946.855210342954,"8_4"
"Biu","Borno",2.56424614592,0.271335495357,"Biu",752,3282.2973992035,"8_4"
"Chibok","Borno",1.57615672853,0.125630436455,"Chibok",753,1519.5273385065,"8_2"
"Damboa","Borno",3.95217164917,0.481960960969,"Damboa",754,5823.78242309562,"8_2"
"Dikwa","Borno",1.9949084772,0.156913081066,"Dikwa",755,1890.87328822759,"8_5"
"Gubio","Borno",2.22129332461,0.218267853653,"Gubio",756,2622.98558536416,"8_6"
"Guzamala","Borno",2.40093780617,0.2094880062,"Guzamala",757,2515.50656839754,"8_7"
"Gwoza","Borno",2.18571574928,0.242719319037,"Gwoza",758,2932.51829017595,"8_3"
"Hawul","Borno",1.97364295691,0.166220890708,"Hawul",759,2012.94905268207,"8_4"
"Jere","Borno",1.88957194767,0.0699787540585,"Jere",760,843.305529049788,"8_8"
"Kaga","Borno",2.3255508183,0.213445989669,"Kaga",761,2574.67504341638,"8_9"
"Kala/Balge","Borno",1.87173143738,0.155904185161,"Kala/Balge",762,1877.90512625287,"8_5"
"Konduga","Borno",5.28505084575,0.493959304067,"Konduga",763,5958.93649074274,"8_8"
"Kukawa","Borno",2.58164621952,0.409573344815,"Kukawa",764,4914.66282396644,"8_1"
"Kwaya Kusar","Borno",1.11967203003,0.0617092549833,"Kwaya Kusar",765,747.320510057589,"8_4"
"Mafa","Borno",2.46049796952,0.236869945361,"Mafa",766,2853.49115443414,"8_10"
"Magumeri","Borno",3.01160886711,0.392771250647,"Magumeri",767,4728.66893612902,"8_9"
"Maiduguri","Borno",0.519518470992,0.0116031351305,"Maiduguri",768,139.86533512373,"8_8"
"Marte","Borno",2.27292552236,0.24592176674,"Marte",769,2958.18677816665,"8_10"
"Mobbar","Borno",2.53484467267,0.225422190446,"Mobbar",770,2704.71097151627,"8_6"
"Monguno","Borno",2.42372789328,0.157379434784,"Monguno",771,1892.15596345485,"8_10"
"Ngala","Borno",1.80749449654,0.119919943336,"Ngala",772,1443.43357814167,"8_5"
"Nganzai","Borno",2.30622185711,0.192371760172,"Nganzai",773,2313.45432692704,"8_7"
"Shani","Borno",1.50863091633,0.101077470464,"Shani",774,1225.08878434092,"8_4"
"Abi","Cross River",0.877586249851,0.0218794915434,"Abi",8,267.933072545999,"9_1"
"Akamkpa","Cross River",2.71753139656,0.410299053418,"Akamkpa",33,5028.47407718392,"9_2"
"Akpabuyo","Cross River",2.07624031171,0.0646901478209,"Akpabuyo",83,793.44751070604,"9_2"
"Bekwara","Cross River",0.689501258627,0.0257455526527,"Bekwara",97,314.798040071717,"9_3"
"Biase","Cross River",1.51367887904,0.105498600473,"Biase",99,1292.67400649628,"9_1"
"Boki","Cross River",2.14300786486,0.23580907719,"Boki",112,2885.63381881484,"9_3"
"Calabar-Municipal","Cross River",0.516150682462,0.0112154948734,"Calabar-Municipal",130,137.538716321835,"9_2"
"Calabar South","Cross River",0.816585506273,0.0153774098236,"Calabar South",131,188.617626136727,"9_2"
"Etung","Cross River",1.21774990387,0.066349249446,"Etung",204,812.539404507576,"9_1"
"Ikom","Cross River",2.09256137678,0.160744671989,"Ikom",317,1967.79128182815,"9_1"
"Obanliku","Cross River",1.42014018836,0.0767299597778,"Obanliku",518,938.527971312869,"9_3"
"Obubra","Cross River",1.79429328019,0.0934913750449,"Obubra",526,1144.68187861053,"9_1"
"Obudu","Cross River",0.885029471633,0.0382447335065,"Obudu",527,467.751381323483,"9_3"
"Odukpani","Cross River",2.37450905506,0.110487532383,"Odukpani",532,1354.61836670462,"9_2"
"Ogoja","Cross River",1.65766741783,0.0746233159701,"Ogoja",542,912.779594708709,"9_3"
"Yakurr","Cross River",0.973799778064,0.0538110502382,"Yakurr",729,659.06224835922,"9_1"
"Yala","Cross River",2.37319998812,0.145879338415,"Yala",730,1783.85913739387,"9_3"
"Bakassi","Cross River",0.105568035375,0.000342186810984,"Bakassi",747,4.19757552900463,"9_2"
"Aniocha North","Delta",0.837232531361,0.0330575015734,"Aniocha North",55,404.466756539247,"10_1"
"Aniocha South","Delta",1.2152326591,0.0711150601587,"Aniocha South",56,870.480305560707,"10_1"
"Bomadi","Delta",1.00459030193,0.0104988358362,"Bomadi",115,128.712338412835,"10_2"
"Burutu","Delta",2.61622319383,0.157727046608,"Burutu",128,1933.58587831311,"10_2"
"Ethiope East","Delta",1.0138511326,0.0310040411766,"Ethiope East",196,379.802882688539,"10_1"
"Ethiope West","Delta",1.11930225075,0.0438631351102,"Ethiope West",197,537.11402412306,"10_2"
"Ika North East","Delta",0.984677071078,0.0382161034963,"Ika North East",309,467.700729481944,"10_1"
"Ika South","Delta",1.32192010706,0.0355894314395,"Ika South",310,435.592850579461,"10_1"
"Isoko North","Delta",1.51283532924,0.0393425370237,"Isoko North",357,482.076934108663,"10_1"
"Isoko South","Delta",1.21153083048,0.0562763888266,"Isoko South",358,689.736319876683,"10_1"
"Ndokwa East","Delta",2.3004047643,0.13136371064,"Ndokwa East",497,1609.21206086436,"10_1"
"Ndokwa West","Delta",1.58181212754,0.0671097579269,"Ndokwa West",498,821.93972684288,"10_1"
"Okpe","Delta",1.17479107888,0.0392077078019,"Okpe",561,480.2988437651,"10_2"
"Oshimili North","Delta",1.02992359878,0.0416960628954,"Oshimili North",594,510.206990300975,"10_1"
"Oshimili South","Delta",0.904269913413,0.0217648663327,"Oshimili South",595,266.431472356787,"10_1"
"Patani","Delta",0.946750674534,0.0184380318756,"Patani",616,226.055090091289,"10_2"
"Sapele","Delta",0.943386054464,0.0350358760481,"Sapele",642,429.083430346077,"10_2"
"Udu","Delta",0.625830750837,0.0135312322498,"Udu",689,165.818360271791,"10_2"
"Ughelli North","Delta",2.00207013589,0.0678143580737,"Ughelli North",691,830.972591494917,"10_1"
"Ughelli South","Delta",2.20150233055,0.0628190425478,"Ughelli South",692,769.975176571483,"10_2"
"Ukwuani","Delta",0.800695781398,0.0333740375891,"Ukwuani",699,408.724695944258,"10_1"
"Uvwie","Delta",0.498604044463,0.00917674027301,"Uvwie",709,112.437867779855,"10_2"
"Warri North","Delta",2.38700361599,0.149911376818,"Warri North",717,1835.72504682022,"10_2"
"Warri South","Delta",1.40412007892,0.047809480499,"Warri South",718,585.725174629301,"10_2"
"Warri South West","Delta",2.14885605865,0.138339643434,"Warri South West",719,1694.96926381915,"10_2"
"Abakaliki","Ebonyi",1.06241508728,0.0378645733056,"Abakaliki",5,463.372557423226,"11_1"
"Afikpo North","Ebonyi",0.698986149251,0.0195274354084,"Afikpo North",17,239.133547709679,"11_1"
"Afikpo South","Ebonyi",0.874414358891,0.0307872061198,"Afikpo South",18,377.049021486412,"11_1"
"Ebonyi","Ebonyi",1.30540568601,0.0413790792206,"Ebonyi",161,506.108461549245,"11_1"
"Ezza North","Ebonyi",0.880307106867,0.0337874268326,"Ezza North",208,413.472145316107,"11_1"
"Ezza South","Ebonyi",0.85387218706,0.0215762189864,"Ezza South",209,264.106173045014,"11_1"
"Ikwo","Ebonyi",1.11911283036,0.0535520310254,"Ikwo",324,655.557445978654,"11_1"
"Ishielu","Ebonyi",1.47366645506,0.0568196008311,"Ishielu",349,695.142606706771,"11_1"
"Ivo","Ebonyi",0.734918733729,0.021779382611,"Ivo",363,266.70551158289,"11_1"
"Izzi","Ebonyi",1.54108749943,0.088610248692,"Izzi",366,1083.90821334358,"11_1"
"Ohaozara","Ebonyi",0.862302312769,0.0272279659158,"Ohaozara",549,333.356755884547,"11_1"
"Ohaukwu","Ebonyi",1.17998300052,0.0492562488884,"Ohaukwu",550,602.470671375203,"11_1"
"Onicha","Ebonyi",1.2671472142,0.035882177945,"Onicha",574,439.231222990793,"11_1"
"Akoko-Edo","Edo",2.05664763094,0.10987279295,"Akoko-Edo",36,1341.57424158836,"12_1"
"Egor","Edo",0.34333093892,0.00622091708348,"Egor",171,76.1144321350079,"12_2"
"Esan Central","Edo",0.993177738853,0.0215893665573,"Esan Central",188,263.964188629576,"12_3"
"Esan North East","Edo",0.970174803929,0.0279771967712,"Esan North East",189,342.036186205895,"12_3"
"Esan South East","Edo",1.50240400862,0.106744876115,"Esan South East",190,1305.48215257127,"12_3"
"Esan West","Edo",1.22373707304,0.0421403121535,"Esan West",191,515.296460737653,"12_3"
"Etsako Central","Edo",1.24513876115,0.0542320394053,"Etsako Central",201,662.734430300569,"12_1"
"Etsako East","Edo",1.61251719575,0.09265039352,"Etsako East",202,1131.68945345446,"12_1"
"Etsako West","Edo",1.44218945958,0.0768210901953,"Etsako West",203,938.746551538166,"12_1"
"Igueben","Edo",0.996381238,0.0285729551335,"Igueben",299,349.499004414233,"12_3"
"Ikpoba-Okha","Edo",1.52790149596,0.0700246516358,"Ikpoba-Okha",322,857.075941387078,"12_2"
"Oredo","Edo",0.756389799112,0.0204618345023,"Oredo",579,250.419695839892,"12_2"
"Orhionmwon","Edo",2.43241884203,0.196926783984,"Orhionmwon",581,2410.76049280494,"12_3"
"Ovia North East","Edo",3.27152501592,0.19113515598,"Ovia North East",600,2338.00678870314,"12_2"
"Ovia South West","Edo",2.66618161961,0.226597886495,"Ovia South West",601,2771.83203711004,"12_2"
"Owan East","Edo",1.51909008519,0.100512377695,"Owan East",602,1228.11982460828,"12_1"
"Owan West","Edo",1.15128345839,0.0605368725295,"Owan West",603,739.862040769454,"12_1"
"Uhunmwonde","Edo",1.71313687914,0.162791111491,"Uhunmwonde",694,1991.23646269349,"12_3"
"Ado Ekiti","Ekiti",0.821419521959,0.0295904569962,"Ado Ekiti",15,361.106203943482,"13_1"
"Aiyekire (Gbonyin)","Ekiti",0.943498276345,0.0356047071187,"Aiyekire (Gbonyin)",29,434.513233610367,"13_1"
"Efon","Ekiti",0.594059850999,0.0188684056599,"Efon",166,230.218560618921,"13_1"
"Ekiti East","Ekiti",0.686718928337,0.0257752696805,"Ekiti East",177,314.460783082828,"13_1"
"Ekiti South West","Ekiti",0.8106311577,0.0275293980995,"Ekiti South West",178,336.023484606904,"13_1"
"Ekiti West","Ekiti",1.04585982719,0.0306662690751,"Ekiti West",179,374.172334506539,"13_1"
"Emure","Ekiti",0.584954570427,0.0204730756562,"Emure",183,249.948234589642,"13_1"
"Ido-Osi","Ekiti",0.602452507354,0.0189343694963,"Ido-Osi",283,230.934119751268,"13_1"
"Ijero","Ekiti",0.744207589895,0.0308973660551,"Ijero",306,376.851674771927,"13_1"
"Ikere","Ekiti",0.613421711007,0.019437178005,"Ikere",315,237.266903570836,"13_1"
"Ikole","Ekiti",1.59701406371,0.0877541703328,"Ikole",316,1070.20735926667,"13_1"
"Ilejemeji","Ekiti",0.372476394413,0.00776395034206,"Ilejemeji",329,94.6715923953059,"13_1"
"Irepodun/Ifelodun","Ekiti",0.853814905339,0.0267957521606,"Irepodun/Ifelodun",343,326.927206574639,"13_1"
"Ise/Orun","Ekiti",0.876616349883,0.033897649775,"Ise/Orun",347,413.831633523135,"13_1"
"Moba","Ekiti",0.588970331936,0.016171619331,"Moba",483,197.173555812618,"13_1"
"Oye","Ekiti",0.832779596154,0.0414740838924,"Oye",608,505.808424836126,"13_1"
"Aninri","Enugu",0.808306160179,0.0301866854124,"Aninri",54,369.554586272352,"14_1"
"Awgu","Enugu",0.861356414149,0.0360771305127,"Awgu",74,441.588156609075,"14_1"
"Enugu East","Enugu",0.77067300385,0.0320499893729,"Enugu East",184,391.999826889753,"14_1"
"Enugu North","Enugu",0.548140502609,0.00762820234163,"Enugu North",185,93.3186190761608,"14_1"
"Enugu South","Enugu",0.348292243731,0.00615414645989,"Enugu South",186,75.2926769463736,"14_1"
"Ezeagu","Enugu",1.00823480168,0.0521668087685,"Ezeagu",206,638.220787998584,"14_1"
"Igbo-Etiti","Enugu",0.792292506617,0.0273141545415,"Igbo-Etiti",296,333.986776201111,"14_1"
"Igbo-Eze North","Enugu",0.640699109295,0.0248790753311,"Igbo-Eze North",297,304.002337387515,"14_1"
"Igbo-Eze South","Enugu",0.645547926538,0.0139222883276,"Igbo-Eze South",298,170.144729404028,"14_1"
"Isi-Uzo","Enugu",1.43294238184,0.0691714518387,"Isi-Uzo",350,845.702471469835,"14_1"
"Nkanu East","Enugu",1.38034324744,0.0621242301155,"Nkanu East",506,760.167684361736,"14_1"
"Nkanu West","Enugu",0.710613063318,0.0208320530317,"Nkanu West",507,254.901970595311,"14_1"
"Nsukka","Enugu",1.44472710132,0.0455119744588,"Nsukka",514,556.33743689092,"14_1"
"Oji-River","Enugu",0.939127047942,0.0336099003055,"Oji-River",552,411.3787308114,"14_1"
"Udenu","Enugu",0.734313860068,0.0210204905365,"Udenu",687,256.929906452678,"14_1"
"Udi","Enugu",1.57096206784,0.07282774642,"Udi",688,890.850263913919,"14_1"
"Uzo-Uwani","Enugu",1.63215927913,0.0688466189905,"Uzo-Uwani",711,841.746783707415,"14_1"
"Abaji","Federal Capital Territory",2.5379841834,0.0683785063627,"Abaji",3,831.977294743286,"15_1"
"Abuja Municipal","Federal Capital Territory",1.8226413446,0.141633769672,"Abuja Municipal",11,1722.75511140457,"15_1"
"Bwari","Federal Capital Territory",1.30071378292,0.086064999242,"Bwari",129,1045.96848018969,"15_1"
"Gwagwalada","Federal Capital Territory",1.24552544421,0.0823298972143,"Gwagwalada",252,1001.05790533963,"15_1"
"Kuje","Federal Capital Territory",1.83519970784,0.125893258273,"Kuje",429,1532.44167016074,"15_1"
"Kwali","Federal Capital Territory",1.46786682534,0.102921375368,"Kwali",436,1252.55026441214,"15_1"
"Akko","Gombe",2.66349797376,0.202308317157,"Akko",35,2452.52831655751,"16_1"
"Balanga","Gombe",1.79754460039,0.132209869775,"Balanga",86,1604.07847484148,"16_2"
"Billiri","Gombe",1.08783807287,0.0627685213096,"Billiri",102,761.569372278876,"16_2"
"Dukku","Gombe",2.5281612835,0.30525356563,"Dukku",155,3692.63197310275,"16_3"
"Funakaye","Gombe",1.99776213272,0.131636010881,"Funakaye",215,1592.4709044943,"16_3"
"Gombe","Gombe",0.254187496197,0.0037300427873,"Gombe",238,45.1940507535237,"16_1"
"Kaltungo","Gombe",1.33392848299,0.0950473504784,"Kaltungo",392,1153.14288750159,"16_2"
"Kwami","Gombe",1.96966924659,0.141922936675,"Kwami",437,1718.48368713735,"16_1"
"Nafada","Gombe",1.68258609431,0.130559257282,"Nafada",492,1577.95736724505,"16_3"
"Shomgom","Gombe",1.47647121512,0.0714896970773,"Shomgom",653,867.827618000653,"16_2"
"Yamaltu/Deba","Gombe",2.33355684395,0.161821067599,"Yamaltu/Deba",731,1960.76135597062,"16_1"
"Aboh-Mbaise","Imo",0.712042585864,0.0143776932143,"Aboh-Mbaise",9,176.202664499754,"17_1"
"Ahiazu-Mbaise","Imo",0.444600454389,0.00929583525519,"Ahiazu-Mbaise",24,113.898825866776,"17_1"
"Ehime-Mbano","Imo",0.521062191221,0.0142277686508,"Ehime-Mbano",172,174.293965464691,"17_1"
"Ezinihitte","Imo",0.429496620712,0.0098269363581,"Ezinihitte",207,120.423302870952,"17_1"
"Ideato North","Imo",0.754513161194,0.014877203165,"Ideato North",278,182.184915357669,"17_1"
"Ideato South","Imo",0.413275682945,0.008504338875,"Ideato South",279,104.155850972017,"17_1"
"Ihitte/Uboma","Imo",0.445800745979,0.00885067232925,"Ihitte/Uboma",301,108.430174759264,"17_1"
"Ikeduru","Imo",0.491347436535,0.0147844212742,"Ikeduru",312,181.147765502026,"17_1"
"Isiala Mbano","Imo",0.592937379213,0.0125295264181,"Isiala Mbano",353,153.490283738868,"17_1"
"Isu","Imo",0.296165707361,0.00429348036025,"Isu",359,52.5953886205108,"17_1"
"Mbaitoli","Imo",0.600581417561,0.0163234021659,"Mbaitoli",475,199.993827085092,"17_1"
"Ngor-Okpala","Imo",0.98511905449,0.0442317399744,"Ngor-Okpala",501,542.175632753624,"17_1"
"Njaba","Imo",0.424416745854,0.0064049487534,"Njaba",504,78.458275858156,"17_1"
"Nkwerre","Imo",0.27461175029,0.00286104447246,"Nkwerre",508,35.0440931756127,"17_1"
"Nwangele","Imo",0.366420448725,0.00568550094878,"Nwangele",516,69.6452287655829,"17_1"
"Obowo","Imo",0.378996846119,0.00705353961783,"Obowo",525,86.4244115402491,"17_1"
"Oguta","Imo",0.868206116037,0.0344677868871,"Oguta",546,422.258001217809,"17_1"
"Ohaji/Egbema","Imo",1.35053640923,0.0730986803516,"Ohaji/Egbema",548,895.850006385894,"17_1"
"Okigwe","Imo",0.785734678893,0.0250577148445,"Okigwe",558,306.88430470675,"17_1"
"Orlu","Imo",0.506815362356,0.0100193669253,"Orlu",584,122.713128261876,"17_1"
"Orsu","Imo",0.359738334266,0.00612851769866,"Orsu",587,75.0541775677902,"17_1"
"Oru East","Imo",0.62151615447,0.0107278192791,"Oru East",588,131.411313338906,"17_1"
"Oru West","Imo",0.49654736463,0.00789773123774,"Oru West",589,96.7378612352275,"17_1"
"Owerri-Municipal","Imo",0.288910214166,0.00459391073308,"Owerri-Municipal",604,56.2955130081249,"17_1"
"Owerri North","Imo",0.702085779879,0.0158260774498,"Owerri North",605,193.946438689603,"17_1"
"Owerri West","Imo",0.881805274882,0.023361782221,"Owerri West",606,286.30459341061,"17_1"
"Unuimo","Imo",0.416320357407,0.00878996154139,"Unuimo",704,107.659296331408,"17_1"
"Auyo","Jigawa",1.34719504978,0.0352457882462,"Auyo",72,424.062504929241,"18_1"
"Babura","Jigawa",1.47561068794,0.08335967732,"Babura",78,1001.97420855565,"18_2"
"Biriniwa","Jigawa",1.75360491687,0.132620253157,"Biriniwa",105,1592.79839590823,"18_1"
"Birni Kudu","Jigawa",1.72477496383,0.116291923741,"Birni Kudu",106,1403.58100029542,"18_3"
"Buji","Jigawa",1.07273280625,0.0471418754589,"Buji",121,568.768285720714,"18_3"
"Dutse","Jigawa",1.57462217456,0.0853698308177,"Dutse",157,1029.20961800516,"18_3"
"Gagarawa","Jigawa",0.972256257078,0.0484665883623,"Gagarawa",220,582.819173578032,"18_2"
"Garki","Jigawa",2.09446146196,0.117162913714,"Garki",224,1409.33516993856,"18_2"
"Gumel","Jigawa",0.574038866688,0.0189219193431,"Gumel",245,227.419451568534,"18_2"
"Guri","Jigawa",1.32533878455,0.0885438504987,"Guri",248,1064.13932620242,"18_1"
"Gwaram","Jigawa",2.40247762078,0.153845620758,"Gwaram",255,1858.61763016175,"18_3"
"Gwiwa","Jigawa",0.83590534157,0.0375872124837,"Gwiwa",259,451.54209544163,"18_2"
"Hadejia","Jigawa",0.210721986365,0.00268023371665,"Hadejia",260,32.2334108227696,"18_1"
"Jahun","Jigawa",1.48615488259,0.10344765642,"Jahun",369,1245.95896534427,"18_2"
"Kafin Hausa","Jigawa",1.42548134301,0.113882311098,"Kafin Hausa",384,1371.15399691227,"18_1"
"Kaugama","Jigawa",1.77062141233,0.0679670932385,"Kaugama",406,817.317439967492,"18_1"
"Kazaure","Jigawa",1.03761573113,0.0317973348882,"Kazaure",410,382.138947076007,"18_2"
"Kiri Kasamma","Jigawa",1.3282626044,0.0690294552934,"Kiri Kasamma",417,829.836618922699,"18_1"
"Kiyawa","Jigawa",1.60726899355,0.085570227592,"Kiyawa",419,1031.47832752666,"18_3"
"Maigatari","Jigawa",1.34287437453,0.0802769223716,"Maigatari",458,964.55488054596,"18_2"
"Malam Madori","Jigawa",1.52771533829,0.0670907924057,"Malam Madori",463,806.61261101935,"18_1"
"Miga","Jigawa",1.01238527805,0.0472775091335,"Miga",478,569.078218959791,"18_2"
"Ringim","Jigawa",1.58530829156,0.0848014193992,"Ringim",628,1020.94686848727,"18_2"
"Roni","Jigawa",1.05161128897,0.0253050489251,"Roni",631,304.188432084662,"18_2"
"Sule-Tankarkar","Jigawa",1.52822079955,0.102560611144,"Sule-Tankarkar",661,1232.60652418536,"18_2"
"Taura","Jigawa",1.23874793077,0.0544872371596,"Taura",678,655.745219805511,"18_2"
"Yankwashi","Jigawa",0.919931022487,0.0281415885757,"Yankwashi",732,338.069158213642,"18_2"
"Birnin-Gwari","Kaduna",4.46220888593,0.539868696539,"Birnin-Gwari",107,6529.223256161,"19_1"
"Chikun","Kaduna",3.71903545886,0.370013925897,"Chikun",134,4482.18216865151,"19_2"
"Giwa","Kaduna",2.08597261442,0.164312404335,"Giwa",236,1985.55138290132,"19_3"
"Igabi","Kaduna",2.79896462724,0.28034930373,"Igabi",294,3391.92180035014,"19_2"
"Ikara","Kaduna",1.81300934782,0.0778929416913,"Ikara",311,940.764250312255,"19_3"
"Jaba","Kaduna",1.07617220885,0.0374261693765,"Jaba",367,454.542139927443,"19_4"
"Jema'a","Kaduna",1.75663052419,0.116581251554,"Jema'a",374,1416.25029157039,"19_4"
"Kachia","Kaduna",3.30372293773,0.378363600335,"Kachia",381,4590.58187912758,"19_5"
"Kaduna North","Kaduna",0.324124375196,0.00490383770884,"Kaduna North",382,59.368161521282,"19_2"
"Kaduna South","Kaduna",0.3558520665,0.00435240467814,"Kaduna South",383,52.6990900580124,"19_2"
"Kagarko","Kaduna",2.15692040245,0.157341405002,"Kagarko",386,1910.92402746338,"19_5"
"Kajuru","Kaduna",3.33765086793,0.248355253118,"Kajuru",390,3009.0249292182,"19_6"
"Kaura","Kaduna",0.932776426118,0.0427457010962,"Kaura",407,518.955543087749,"19_4"
"Kauru","Kaduna",1.95553891453,0.207325968361,"Kauru",409,2512.22151443615,"19_2"
"Kubau","Kaduna",2.30852580487,0.195305494338,"Kubau",427,2362.0040293965,"19_6"
"Kudan","Kaduna",0.883571597549,0.0276651028283,"Kudan",428,334.135571001329,"19_3"
"Lere","Kaduna",2.57068045852,0.189969704512,"Lere",450,2301.14875277456,"19_6"
"Markafi","Kaduna",1.05158013642,0.0473869348074,"Markafi",469,572.259146392576,"19_3"
"Sabon-Gari","Kaduna",0.681081079745,0.0217349267983,"Sabon-Gari",632,262.5972523642,"19_3"
"Sanga","Kaduna",2.10169957866,0.122929890891,"Sanga",641,1494.02950168253,"19_4"
"Soba","Kaduna",1.87217354438,0.185927566355,"Soba",656,2247.9484632055,"19_3"
"Zango-Kataf","Kaduna",1.97333942583,0.192299958945,"Zango-Kataf",742,2333.07879309894,"19_4"
"Zaria","Kaduna",1.06411209468,0.0325862473608,"Zaria",743,393.890281936713,"19_3"
"Ajingi","Kano",1.27246914974,0.0592923357379,"Ajingi",32,714.367321708653,"20_1"
"Albasu","Kano",1.4291701085,0.0368178732251,"Albasu",45,444.124873852698,"20_2"
"Bagwai","Kano",0.83466152686,0.0351014692642,"Bagwai",82,422.71204862426,"20_1"
"Bebeji","Kano",1.05550082274,0.0600465692453,"Bebeji",96,724.639950763572,"20_3"
"Bichi","Kano",1.26096187975,0.0571497726583,"Bichi",100,687.790986329406,"20_1"
"Bunkure","Kano",1.07529036424,0.0366077710507,"Bunkure",124,441.528205311154,"20_2"
"Dala","Kano",0.216299344433,0.00111318857493,"Dala",135,13.4096077631145,"20_1"
"Dambatta","Kano",1.49572316948,0.0656799920392,"Dambatta",138,789.998862063802,"20_1"
"Dawakin Kudu","Kano",0.932816678568,0.031891616379,"Dawakin Kudu",147,384.470602731478,"20_1"
"Dawakin Tofa","Kano",1.00175855888,0.0363246384185,"Dawakin Tofa",148,437.370188085323,"20_1"
"Doguwa","Kano",1.92260252008,0.123133981133,"Doguwa",152,1489.28390523895,"20_2"
"Fagge","Kano",0.330826771892,0.00320059306646,"Fagge",210,38.5531307890728,"20_1"
"Gabasawa","Kano",1.2964196123,0.050741469454,"Gabasawa",218,610.949544975154,"20_1"
"Garko","Kano",1.19548995892,0.0366268538265,"Garko",225,441.937367151669,"20_2"
"Garum Mallam","Kano",0.591989424662,0.0188889053958,"Garum Mallam",226,227.829112545655,"20_3"
"Gaya","Kano",1.22320347662,0.0470987783218,"Gaya",229,567.827522612752,"20_1"
"Gezawa","Kano",0.810131545861,0.0281389421271,"Gezawa",233,338.93568745688,"20_1"
"Gwale","Kano",0.27908499351,0.00196192833626,"Gwale",253,23.636831677618,"20_1"
"Gwarzo","Kano",0.960124138928,0.0362036969158,"Gwarzo",256,436.306950824374,"20_3"
"Kabo","Kano",1.04536466896,0.0308847557487,"Kabo",380,372.221768350681,"20_3"
"Kano Municipal","Kano",0.20631143615,0.00142596422435,"Kano Municipal",397,17.1801133516551,"20_1"
"Karaye","Kano",0.842375656726,0.0373099403222,"Karaye",399,449.869022207705,"20_3"
"Kibiya","Kano",0.822322097363,0.0361730791738,"Kibiya",415,436.537386450028,"20_2"
"Kiru","Kano",1.66811733032,0.0749691260555,"Kiru",418,904.454215397903,"20_3"
"Kumbotso","Kano",0.668408540945,0.0159034696476,"Kumbotso",430,191.645725041671,"20_1"
"Kunchi","Kano",0.992048047318,0.0433031015586,"Kunchi",431,520.824737649386,"20_1"
"Kura","Kano",0.681408417978,0.016258075529,"Kura",432,196.015880584931,"20_3"
"Madobi","Kano",0.766207712576,0.0213951331717,"Madobi",455,257.919701664546,"20_3"
"Makoda","Kano",1.42518571977,0.0334082645376,"Makoda",461,401.852245490939,"20_1"
"Minjibir","Kano",0.883080618665,0.0358392792822,"Minjibir",480,431.459858952816,"20_1"
"Nasarawa","Kano",0.286237065887,0.00346014813436,"Nasarawa_Kano",494,41.6839468862111,"20_1"
"Rano","Kano",0.999832116362,0.0428676751522,"Rano",623,517.386603293717,"20_2"
"Rimin Gado","Kano",0.859987510385,0.0221429747474,"Rimin Gado",627,266.822775145474,"20_3"
"Rogo","Kano",1.0315851752,0.0661676831556,"Rogo",630,798.501872318625,"20_3"
"Shanono","Kano",1.01352769443,0.0421869053515,"Shanono",647,508.09257592222,"20_1"
"Sumaila","Kano",1.48884113383,0.103475638545,"Sumaila",663,1249.56563079776,"20_2"
"Takai","Kano",1.2741810314,0.0495667028689,"Takai",670,598.19478681287,"20_2"
"Tarauni","Kano",0.22219214914,0.00221544362778,"Tarauni",675,26.6932430050649,"20_1"
"Tofa","Kano",0.609726969597,0.0158276515005,"Tofa",679,190.667815891369,"20_3"
"Tsanyawa","Kano",0.949592111582,0.0445175877773,"Tsanyawa",684,535.765764760528,"20_1"
"Tudun Wada","Kano",2.0914812719,0.10157352007,"Tudun Wada",685,1226.84468847813,"20_2"
"Ungogo","Kano",0.891454686185,0.0185021875481,"Ungogo",703,222.852058289412,"20_1"
"Warawa","Kano",0.800313859167,0.0301897904974,"Warawa",715,363.819441664711,"20_1"
"Wudil","Kano",1.06850464098,0.0300224293516,"Wudil",722,362.008951620185,"20_1"
"Bakori","Katsina",1.34455309718,0.0624922155457,"Bakori",84,753.812101034634,"21_1"
"Batagarawa","Katsina",1.21879091071,0.0436339585355,"Batagarawa",92,523.923345621834,"21_2"
"Batsari","Katsina",1.49861614223,0.0981246085112,"Batsari",93,1178.51117118246,"21_2"
"Baure","Katsina",1.37640461246,0.065733933197,"Baure",95,789.564468650962,"21_3"
"Bindawa","Katsina",1.15971314703,0.0413970351585,"Bindawa",103,497.377633019116,"21_2"
"Charanchi","Katsina",1.22472321925,0.040660719147,"Charanchi",133,488.752949015442,"21_2"
"Dan Musa","Katsina",1.21549324684,0.0670824695236,"Dan Musa",139,807.488725350645,"21_1"
"Dandume","Katsina",1.01734756517,0.0396900021164,"Dandume",141,479.130543795424,"21_1"
"Danja","Katsina",1.12229688322,0.0399737481614,"Danja",143,482.580754496156,"21_1"
"Daura","Katsina",0.598243027254,0.015957806041,"Daura",146,191.546477144728,"21_3"
"Dutsi","Katsina",0.788857807695,0.0271073613461,"Dutsi",158,325.445316214444,"21_3"
"Dutsin-Ma","Katsina",1.18062625351,0.0538223341044,"Dutsin-Ma",159,647.3816397312,"21_2"
"Faskari","Katsina",1.83134480585,0.139500236658,"Faskari",212,1682.47559024766,"21_1"
"Funtua","Katsina",1.12102916058,0.0349910500747,"Funtua",217,422.342417467104,"21_1"
"Ingawa","Katsina",1.4483031617,0.065685208547,"Ingawa",337,789.504989844129,"21_2"
"Jibia","Katsina",2.09933801315,0.0889041287574,"Jibia",375,1066.92760491424,"21_2"
"Kafur","Katsina",1.64116562593,0.0840310045374,"Kafur",385,1013.58726707533,"21_1"
"Kaita","Katsina",1.09819132084,0.059554768763,"Kaita",388,714.284145455348,"21_2"
"Kankara","Katsina",1.8071006696,0.115791898005,"Kankara",394,1395.01263111515,"21_1"
"Kankia","Katsina",1.4863649582,0.0627339626142,"Kankia",396,754.500172206587,"21_2"
"Katsina","Katsina",0.454163138809,0.0123328771414,"Katsina",404,148.008736077784,"21_2"
"Kurfi","Katsina",1.07553488748,0.0479801420267,"Kurfi",433,576.580733634328,"21_2"
"Kusada","Katsina",0.961003634165,0.0378941474906,"Kusada",435,455.754235508226,"21_2"
"Mai'adua","Katsina",1.12240487012,0.0516397752414,"Mai'adua",457,619.448709377605,"21_3"
"Malumfashi","Katsina",1.51320914579,0.0668669870197,"Malumfashi",464,805.957515452766,"21_1"
"Mani","Katsina",1.45234174835,0.0558550505869,"Mani",466,670.637814441012,"21_2"
"Mashi","Katsina",1.45379114279,0.0782246459627,"Mashi",472,938.343626377221,"21_2"
"Matazu","Katsina",0.96170142523,0.0448449947029,"Matazu",473,539.750825553838,"21_1"
"Musawa","Katsina",1.36679969728,0.0654172260861,"Musawa",489,787.813520565111,"21_1"
"Rimi","Katsina",1.24742016826,0.0403827053191,"Rimi",626,484.947934806051,"21_2"
"Sabuwa","Katsina",1.29788871665,0.0575742396439,"Sabuwa",634,695.239781596121,"21_1"
"Safana","Katsina",0.822363392273,0.0272406395377,"Safana",635,327.055699135338,"21_3"
"Sandamu","Katsina",1.44439240754,0.115553561477,"Sandamu",640,1389.50325328512,"21_2"
"Zango","Katsina",1.00330233482,0.0432719571477,"Zango",741,519.445598324214,"21_3"
"Aleiro","Kebbi",0.67118966084,0.0278347392347,"Aleiro",46,334.938993702694,"22_1"
"Arewa-Dandi","Kebbi",3.35652913375,0.334784253083,"Arewa-Dandi",62,4021.74019165935,"22_1"
"Argungu","Kebbi",1.45704730017,0.0913021962848,"Argungu",63,1097.09129410052,"22_1"
"Augie","Kebbi",1.58031438722,0.094944326525,"Augie",71,1139.88461607286,"22_1"
"Bagudo","Kebbi",3.51704365765,0.421048611741,"Bagudo",81,5084.17357584418,"22_2"
"Birnin Kebbi","Kebbi",1.35251174443,0.0891524651525,"Birnin Kebbi",108,1072.12104739637,"22_1"
"Bunza","Kebbi",1.46812949939,0.091671821341,"Bunza",125,1103.6122004545,"22_3"
"Dandi","Kebbi",1.73684461122,0.161172083055,"Dandi",140,1942.74751542027,"22_2"
"Fakai","Kebbi",2.39926724142,0.186025722119,"Fakai",211,2244.86908328907,"22_4"
"Gwandu","Kebbi",1.39360045307,0.0874683312583,"Gwandu",254,1051.73286266868,"22_1"
"Jega","Kebbi",1.73022321949,0.0802105766274,"Jega",373,965.915660064429,"22_3"
"Kalgo","Kebbi",1.19422407425,0.0504716653736,"Kalgo",391,607.220355926837,"22_3"
"Koko/Besse","Kebbi",1.90131121432,0.111281240551,"Koko/Besse",421,1343.31727081674,"22_4"
"Maiyama","Kebbi",2.09543779737,0.110726128691,"Maiyama",460,1334.00750645257,"22_3"
"Ngaski","Kebbi",3.06883675838,0.215263570505,"Ngaski",500,2605.9051139276,"22_4"
"Sakaba","Kebbi",1.63517420682,0.120192760628,"Sakaba",637,1452.31619042633,"22_5"
"Shanga","Kebbi",2.70080094461,0.224437420244,"Shanga",646,2711.94379272072,"22_4"
"Suru","Kebbi",1.86297598894,0.130077079796,"Suru",664,1568.1093892024,"22_2"
"Wasagu/Danko","Kebbi",3.67794217463,0.339234613652,"Wasagu/Danko",720,4094.76707123341,"22_5"
"Yauri","Kebbi",0.704087474474,0.010151298873,"Yauri",733,122.800092680221,"22_4"
"Zuru","Kebbi",1.58045907975,0.0577761311292,"Zuru",746,697.394341703879,"22_5"
"Adavi","Kogi",1.55095410573,0.0584645222681,"Adavi",12,713.363985545882,"23_1"
"Ajaokuta","Kogi",1.55448210536,0.113133164514,"Ajaokuta",30,1380.92040572053,"23_1"
"Ankpa","Kogi",1.53400845959,0.104971349033,"Ankpa",58,1281.44029500061,"23_2"
"Bassa","Kogi",2.18621869063,0.158630458488,"Bassa_Kogi",90,1935.04143127737,"23_2"
"Dekina","Kogi",2.12428471042,0.197226460234,"Dekina",150,2407.07798370885,"23_2"
"Ibaji","Kogi",1.50584190524,0.109206558232,"Ibaji",267,1334.9929024509,"23_3"
"Idah","Kogi",0.46633447538,0.0109797651431,"Idah",276,134.151732616787,"23_3"
"Igalamela-Odolu","Kogi",2.20714401602,0.173025186028,"Igalamela-Odolu",295,2114.04068595024,"23_3"
"Ijumu","Kogi",1.72340026639,0.10514418678,"Ijumu",307,1282.456289276,"23_4"
"Kabba/Bunu","Kogi",2.6109091433,0.220941187125,"Kabba/Bunu",379,2693.15069616694,"23_1"
"Kogi","Kogi",1.83204848329,0.122583228293,"Kogi",420,1494.05873270092,"23_1"
"Lokoja","Kogi",3.51906999065,0.262714082511,"Lokoja",452,3201.4955418374,"23_1"
"Mopa-Muro","Kogi",1.26616991739,0.06836567719,"Mopa-Muro",485,833.250346092007,"23_4"
"Ofu","Kogi",2.42393951443,0.140479174127,"Ofu",534,1715.42198721616,"23_3"
"Ogori/Magongo","Kogi",0.345357115757,0.00649702812662,"Ogori/Magongo",543,79.3104037687427,"23_1"
"Okehi","Kogi",1.37345736435,0.0541871066261,"Okehi",556,661.109307277487,"23_1"
"Okene","Kogi",1.00527394322,0.0244375153507,"Okene",557,298.318919508785,"23_1"
"Olamabolo","Kogi",1.46710878203,0.0810892799664,"Olamabolo",565,990.463984501654,"23_2"
"Omala","Kogi",1.63565461038,0.130480926074,"Omala",569,1591.5632092444,"23_2"
"Yagba East","Kogi",2.09732539812,0.120840489084,"Yagba East",727,1472.71425366185,"23_4"
"Yagba West","Kogi",1.59407633078,0.105484956754,"Yagba West",728,1285.1318904655,"23_4"
"Asa","Kwara",1.89462940192,0.109681892423,"Asa",65,1335.79216153779,"24_1"
"Baruten","Kwara",4.92264227028,0.796420590861,"Baruten",89,9677.7377548436,"24_2"
"Edu","Kwara",2.46537511418,0.208362608953,"Edu",165,2534.69683298695,"24_3"
"Ekiti","Kwara",0.969626482467,0.0389950085411,"Ekiti",176,475.320390002338,"24_4"
"Ifelodun","Kwara",3.57163271123,0.282390971609,"Ifelodun_Kwara",292,3438.39502599521,"24_3"
"Ilorin East","Kwara",1.20299895613,0.0370637471783,"Ilorin East",333,451.195940215763,"24_1"
"Ilorin South","Kwara",0.86732264237,0.0201553687045,"Ilorin South",334,245.456206096293,"24_1"
"Ilorin West","Kwara",0.543716830185,0.0122373313984,"Ilorin West",335,149.029229617066,"24_1"
"Irepodun","Kwara",1.48591553787,0.0575219414278,"Irepodun_Kwara",342,701.045827655746,"24_4"
"Isin","Kwara",1.01047120363,0.0518034019888,"Isin",354,631.203632944549,"24_4"
"Kaiama","Kwara",3.65177814448,0.57096495948,"Kaiama",387,6935.96123198743,"24_5"
"Moro","Kwara",2.30668897644,0.256482990692,"Moro",486,3120.47408857829,"24_1"
"Offa","Kwara",0.387386670067,0.00773818847012,"Offa",533,94.3127805991795,"24_4"
"Oke-Ero","Kwara",1.17549999768,0.0357493240479,"Oke-Ero",555,435.667499710711,"24_4"
"Oyun","Kwara",1.44718453594,0.0417478169405,"Oyun",613,508.804017510868,"24_4"
"Pategi","Kwara",2.22170052914,0.238928300789,"Pategi",617,2908.55203567855,"24_3"
"Agege","Lagos",0.136929295861,0.000938556683034,"Agege",21,11.4777010576955,"25_1"
"Ajeromi-Ifelodun","Lagos",0.136004964622,0.00104276508181,"Ajeromi-Ifelodun",31,12.7562784060616,"25_1"
"Alimosho","Lagos",0.589766815932,0.015008636535,"Alimosho",47,183.559682786701,"25_1"
"Amuwo-Odofin","Lagos",0.690195236841,0.0113422338121,"Amuwo-Odofin",49,138.756251601176,"25_1"
"Apapa","Lagos",0.281546921406,0.00164032435341,"Apapa",60,20.0665772571769,"25_1"
"Badagry","Lagos",1.08889756807,0.0369853744767,"Badagry",79,452.457888467474,"25_1"
"Epe","Lagos",2.40174827755,0.0965468605813,"Epe",187,1180.83851342187,"25_1"
"Eti-Osa","Lagos",0.750129292963,0.0156158589452,"Eti-Osa",198,191.029433855405,"25_1"
"Ibeju/Lekki","Lagos",1.42859627755,0.0369535029305,"Ibeju/Lekki",271,452.045522892068,"25_1"
"Ifako-Ijaye","Lagos",0.267548977758,0.00270297511973,"Ifako-Ijaye",284,33.0523457243458,"25_1"
"Ikeja","Lagos",0.372018270901,0.00380860342855,"Ikeja",313,46.5778612122144,"25_1"
"Ikorodu","Lagos",0.86934734509,0.0326159576394,"Ikorodu",319,398.872523319049,"25_1"
"Kosofe","Lagos",0.402182627648,0.00666933376527,"Kosofe",426,81.5650466449752,"25_1"
"Lagos Island","Lagos",0.10410787,0.000702816340536,"Lagos Island",442,8.59765092201155,"25_1"
"Lagos Mainland","Lagos",0.197079004983,0.0019214244978,"Lagos Mainland",443,23.5031000770942,"25_1"
"Mushin","Lagos",0.182035731393,0.00135357651059,"Mushin",490,16.5560079603466,"25_1"
"Ojo","Lagos",0.668769004842,0.0132160235317,"Ojo",553,161.673192741715,"25_1"
"Oshodi-Isolo","Lagos",0.315352323012,0.00360760299827,"Oshodi-Isolo",596,44.125762359874,"25_1"
"Shomolu","Lagos",0.137820126772,0.000914285754572,"Shomolu",654,11.1828035771431,"25_1"
"Surulere","Lagos",0.213764850071,0.00159777245557,"Surulere_Lagos",665,19.5442857671942,"25_1"
"Akwanga","Nasarawa",1.2289734048,0.076951759008,"Akwanga",44,935.772231984256,"26_1"
"Awe","Nasarawa",2.57278436847,0.216750472425,"Awe",73,2641.13478232563,"26_2"
"Doma","Nasarawa",2.29391222074,0.204135907698,"Doma",153,2487.99412502025,"26_1"
"Karu","Nasarawa",2.57363875317,0.237271030253,"Karu",401,2885.24627325395,"26_3"
"Keana","Nasarawa",1.64620770152,0.0956294636205,"Keana",411,1165.44034678208,"26_1"
"Keffi","Nasarawa",0.386132896093,0.00927081298492,"Keffi",413,112.790282747528,"26_3"
"Kokona","Nasarawa",2.32973649754,0.209979677999,"Kokona",422,2555.40536866305,"26_1"
"Lafia","Nasarawa",3.2729368303,0.21831164645,"Lafia",440,2657.52329875836,"26_1"
"Nasarawa-Eggon","Nasarawa",1.59194107715,0.103405921836,"Nasarawa-Eggon",495,1258.40167631401,"26_1"
"Nasarawa","Nasarawa",2.85965406536,0.398428799378,"Nasarawa_Nasarawa",496,4854.20801514433,"26_4"
"Obi","Nasarawa",1.50056748672,0.0834360530181,"Obi_Nasarawa",519,1016.40545733369,"26_1"
"Toto","Nasarawa",2.43878760733,0.244828304994,"Toto",681,2983.0998376905,"26_4"
"Wamba","Nasarawa",1.46236906016,0.0995273056415,"Wamba",714,1210.46731624613,"26_1"
"Agaie","Niger",1.87856335839,0.157848350851,"Agaie",19,1919.95973385341,"27_1"
"Agwara","Niger",1.54546290341,0.12163417381,"Agwara",23,1471.63550780726,"27_2"
"Bida","Niger",0.251095472957,0.00428563491519,"Bida",101,52.1064604638017,"27_1"
"Borgu","Niger",5.67943840525,0.929069095283,"Borgu",117,11255.5271144542,"27_2"
"Bosso","Niger",1.87676835067,0.125171263243,"Bosso",119,1519.70675658291,"27_3"
"Chanchaga","Niger",0.294524582187,0.00520407142093,"Chanchaga",132,63.1809092793481,"27_3"
"Edati","Niger",1.29983829472,0.0749495432545,"Edati",162,911.373688977963,"27_4"
"Gbako","Niger",1.96671332155,0.144039805659,"Gbako",230,1750.31789413141,"27_1"
"Gurara","Niger",2.0987311906,0.0930699668623,"Gurara",247,1130.85809790838,"27_5"
"Katcha","Niger",2.54171429823,0.135785783311,"Katcha",403,1650.65895008387,"27_1"
"Kontagora","Niger",1.849328683,0.146328505547,"Kontagora",425,1772.31183526228,"27_6"
"Lapai","Niger",3.39811112815,0.249007811358,"Lapai",447,3030.34941283911,"27_7"
"Lavun","Niger",2.13503144096,0.213168420833,"Lavun",449,2589.31921306399,"27_4"
"Magama","Niger",3.5142939463,0.33486688666,"Magama",456,4056.22715945315,"27_8"
"Mariga","Niger",3.57432602104,0.4768902288,"Mariga",468,5771.14360408096,"27_6"
"Mashegu","Niger",4.49860486321,0.766634085664,"Mashegu",471,9300.53859204081,"27_8"
"Mokwa","Niger",6.76815542887,0.436076484479,"Mokwa",484,5301.00375427026,"27_4"
"Muya","Niger",2.06467173097,0.171991216555,"Muya",491,2086.78903442557,"27_5"
"Paikoro","Niger",2.82587558748,0.171981127185,"Paikoro",614,2088.82683073858,"27_5"
"Rafi","Niger",2.97807325999,0.303771178697,"Rafi",622,3681.85465125,"27_9"
"Rijau","Niger",3.26058633116,0.258093120003,"Rijau",625,3119.16015503552,"27_10"
"Shiroro","Niger",4.34022001483,0.43140111026,"Shiroro",652,5229.97044416248,"27_9"
"Suleja","Niger",0.501460447121,0.0106260699646,"Suleja",662,129.158330972815,"27_5"
"Tafa","Niger",0.670942654478,0.0198749292946,"Tafa",667,241.491512627039,"27_5"
"Wushishi","Niger",2.31180106593,0.149187505442,"Wushishi",725,1810.90773789339,"27_3"
"Abeokuta North","Ogun",1.18719532659,0.0629159599219,"Abeokuta North",6,768.453631574146,"28_1"
"Abeokuta South","Ogun",0.315971268853,0.00460905060577,"Abeokuta South",7,56.303276731987,"28_1"
"Ado-Odo/Ota","Ogun",1.21098406485,0.0698404129543,"Ado-Odo/Ota",14,854.08729984499,"28_1"
"Egbado North","Ogun",1.82060800954,0.151987536629,"Egbado North",167,1856.80953394046,"28_1"
"Egbado South","Ogun",1.20060253239,0.0596100997328,"Egbado South",168,728.737746322799,"28_1"
"Ewekoro","Ogun",1.05015224931,0.051181626282,"Ewekoro",205,625.482755143189,"28_1"
"Ifo","Ogun",1.12858749104,0.0440472104011,"Ifo",293,538.496808107396,"28_1"
"Ijebu East","Ogun",2.26015333986,0.177466378566,"Ijebu East",302,2169.36843261709,"28_2"
"Ijebu North","Ogun",1.20794787422,0.0780515987044,"Ijebu North",303,953.740470248969,"28_2"
"Ijebu North East","Ogun",0.653123815016,0.0173609969782,"Ijebu North East",304,212.199523353979,"28_2"
"Ijebu Ode","Ogun",0.695237702612,0.0116645070195,"Ijebu Ode",305,142.613655806174,"28_2"
"Ikenne","Ogun",0.533220889559,0.0119220663646,"Ikenne",314,145.713621069898,"28_2"
"Imeko-Afon","Ogun",2.25384071632,0.148150195881,"Imeko-Afon",336,1807.93089036932,"28_1"
"Ipokia","Ogun",1.28785145152,0.0468090167144,"Ipokia",339,572.439463297262,"28_1"
"Obafemi-Owode","Ogun",1.77917047375,0.120672391767,"Obafemi-Owode",517,1474.55576828747,"28_2"
"Odeda","Ogun",1.9202771373,0.117553444991,"Odeda",528,1435.54549586336,"28_1"
"Odogbolu","Ogun",0.933346053064,0.0447940340979,"Odogbolu",531,547.611245625283,"28_2"
"Ogun waterside","Ogun",1.81567845642,0.0792521658646,"Ogun waterside",545,969.434295978663,"28_2"
"Remo North","Ogun",0.594873507494,0.0171022362956,"Remo North",624,208.981578482415,"28_2"
"Shagamu","Ogun",0.974434607336,0.0490301668732,"Shagamu",644,599.40033460706,"28_2"
"Akoko North East","Ondo",1.00868131123,0.0281813118911,"Akoko North East",37,343.966193199636,"29_1"
"Akoko North West","Ondo",1.02763413089,0.0466440020745,"Akoko North West",38,569.189279283601,"29_1"
"Akoko South East","Ondo",0.583769684721,0.018187247489,"Akoko South East",39,222.038619535609,"29_1"
"Akoko South West","Ondo",0.875523793624,0.0401179711218,"Akoko South West",40,489.805362159464,"29_1"
"Akure North","Ondo",1.15418611374,0.0553354259785,"Akure North",42,675.807805858221,"29_2"
"Akure South","Ondo",0.80938423768,0.0252219176368,"Akure South",43,308.064065732653,"29_2"
"Ese-Odo","Ondo",1.53000087318,0.0880113590598,"Ese-Odo",192,1077.21055021251,"29_2"
"Idanre","Ondo",1.86853260154,0.156824742231,"Idanre",277,1916.43488951085,"29_2"
"Ifedore","Ondo",0.728152159765,0.0259957234233,"Ifedore",290,317.4080027116,"29_2"
"Ilaje","Ondo",2.14921564176,0.0787576357955,"Ilaje",327,963.775802588897,"29_2"
"Ile-Oluji-Okeigbo","Ondo",1.28359190315,0.0487359438476,"Ile-Oluji-Okeigbo",328,595.210508888281,"29_2"
"Irele","Ondo",1.283047357,0.0728737255967,"Irele",340,891.390336994772,"29_2"
"Odigbo","Ondo",2.4951370626,0.15364669865,"Odigbo",529,1878.48150099864,"29_2"
"Okitipupa","Ondo",1.29982217877,0.0699544742208,"Okitipupa",559,855.580056682842,"29_2"
"Ondo East","Ondo",1.40614848902,0.0367110502012,"Ondo East",572,448.452646218648,"29_2"
"Ondo West","Ondo",1.33872750791,0.0785083087069,"Ondo West",573,959.354437710616,"29_2"
"Ose","Ondo",2.11528658475,0.116653744659,"Ose",593,1425.31571633158,"29_1"
"Owo","Ondo",1.49739803276,0.0931850539392,"Owo",607,1138.33133230135,"29_1"
"Aiyedade","Osun",1.79514048995,0.0624360796897,"Aiyedade",27,762.439207396078,"30_1"
"Aiyedire","Osun",0.710150319692,0.0248184781042,"Aiyedire",28,302.894840779656,"30_1"
"Atakumosa East","Osun",0.919956417708,0.0380028935154,"Atakumosa East",67,463.950286096378,"30_1"
"Atakumosa West","Osun",0.85027820966,0.0304458037036,"Atakumosa West",68,371.557074897807,"30_1"
"Boluwaduro","Osun",0.521276813642,0.0122133401863,"Boluwaduro",114,148.934952802561,"30_1"
"Boripe","Osun",0.608893018243,0.0118275005527,"Boripe",118,144.254277180189,"30_1"
"Ede North","Osun",0.471440337993,0.00834363818186,"Ede North",163,101.793840297721,"30_1"
"Ede South","Osun",0.566023478856,0.0176236767624,"Ede South",164,215.046534700928,"30_1"
"Egbedore","Osun",0.827312269285,0.0220263273369,"Egbedore",170,268.682590032124,"30_1"
"Ejigbo","Osun",1.1304848793,0.0297912753225,"Ejigbo",173,363.360459457447,"30_1"
"Ife Central","Osun",0.398803172422,0.0090713679041,"Ife Central",285,110.719535068812,"30_1"
"Ife East","Osun",0.752095048367,0.0157070835961,"Ife East",286,191.76304344654,"30_1"
"Ife North","Osun",1.8470166597,0.0737271661922,"Ife North",287,900.38329569829,"30_1"
"Ife South","Osun",1.40604887123,0.0604310276613,"Ife South",288,738.091184389284,"30_1"
"Ifedayo","Osun",0.656352679226,0.0113422841472,"Ifedayo",289,138.29602204373,"30_1"
"Ifelodun","Osun",0.479809282517,0.00975628499409,"Ifelodun_Osun",291,118.975278638503,"30_1"
"Ila","Osun",0.799635179944,0.022902497871,"Ila",326,279.24435415002,"30_1"
"Ilesha East","Osun",0.31809353699,0.00569954188387,"Ilesha East",330,69.5550400262343,"30_1"
"Ilesha West","Osun",0.291576090978,0.00348826118814,"Ilesha West",331,42.5656260449074,"30_1"
"Irepodun","Osun",0.26445678806,0.00248649736648,"Irepodun_Osun",344,30.3273081151465,"30_1"
"Irewole","Osun",0.617416792206,0.0214748304832,"Irewole",345,262.184199562019,"30_1"
"Isokan","Osun",0.880582323687,0.0357559144277,"Isokan",356,436.698727766421,"30_1"
"Iwo","Osun",0.813667356809,0.0223476245739,"Iwo",365,272.688770819833,"30_1"
"Obokun","Osun",0.896860582184,0.0416511532168,"Obokun",523,508.091972789617,"30_1"
"Odo-Otin","Osun",0.746570495975,0.0238611780066,"Odo-Otin",530,290.919816546007,"30_1"
"Ola-oluwa","Osun",0.702348276982,0.0267314133632,"Ola-oluwa",564,326.108820395967,"30_1"
"Olorunda","Osun",0.548402109465,0.00889549853768,"Olorunda",566,108.492308558202,"30_1"
"Oriade","Osun",1.09454243359,0.0377343572462,"Oriade",583,460.565396500893,"30_1"
"Orolu","Osun",0.428249585759,0.00895735578583,"Orolu",585,109.237207665408,"30_1"
"Osogbo","Osun",0.361620211716,0.00499900545516,"Osogbo",598,60.9852174730449,"30_1"
"Afijio","Oyo",1.00276222525,0.0271438743662,"Afijio",16,331.148498479121,"31_1"
"Akinyele","Oyo",1.05054929213,0.0488913397753,"Akinyele",34,596.677792871051,"31_2"
"Atiba","Oyo",2.0446428736,0.148557919703,"Atiba",69,1810.22455889685,"31_1"
"Atigbo","Oyo",2.97931855719,0.236831665629,"Atigbo",70,2884.68840905793,"31_3"
"Egbeda","Oyo",0.719374439919,0.0211690473798,"Egbeda",169,258.454352591557,"31_2"
"Ibadan North","Oyo",0.230377835086,0.00318983881274,"Ibadan North",262,38.9435682054041,"31_2"
"Ibadan North East","Oyo",0.172884566556,0.00108357505672,"Ibadan North East",263,13.2299223350257,"31_2"
"Ibadan North West","Oyo",0.153545791107,0.000937178448394,"Ibadan North West",264,11.4421444641336,"31_2"
"Ibadan South East","Oyo",0.160161737674,0.00114945744016,"Ibadan South East",265,14.0354316425091,"31_2"
"Ibadan South West","Oyo",0.307987530331,0.00394472592106,"Ibadan South West",266,48.1649236319903,"31_2"
"Ibarapa Central","Oyo",1.1802474645,0.0559984343455,"Ibarapa Central",268,683.606849049074,"31_4"
"Ibarapa East","Oyo",1.31402002015,0.0616640626898,"Ibarapa East",269,752.548701550076,"31_4"
"Ibarapa North","Oyo",1.25701812839,0.078901858687,"Ibarapa North",270,962.748331436627,"31_4"
"Ido","Oyo",1.47793792968,0.0709346921839,"Ido",282,865.838878388362,"31_2"
"Irepo","Oyo",1.31674637417,0.0804805828642,"Irepo",341,978.726740412252,"31_3"
"Iseyin","Oyo",2.11051659798,0.148674732184,"Iseyin",348,1812.98287343655,"31_4"
"Itesiwaju","Oyo",1.8562254855,0.126393678141,"Itesiwaju",361,1540.18493420647,"31_4"
"Iwajowa","Oyo",2.3793951197,0.195814578329,"Iwajowa",364,2387.44954842596,"31_4"
"Kajola","Oyo",0.933632461822,0.0495645832536,"Kajola",389,604.273619754527,"31_4"
"Lagelu","Oyo",0.879673997662,0.0223492627725,"Lagelu",441,272.795623229478,"31_2"
"Ogbomosho North","Oyo",0.395901526388,0.00747644852207,"Ogbomosho North",539,91.1229464863219,"31_1"
"Ogbomosho South","Oyo",0.275539144014,0.00237829979974,"Ogbomosho South",540,28.9893814891304,"31_1"
"Ogo Oluwa","Oyo",0.852565565823,0.0307572920814,"Ogo Oluwa",541,375.030781094322,"31_1"
"Olorunsogo","Oyo",1.38661956079,0.0869147708279,"Olorunsogo",567,1057.64409584722,"31_3"
"Oluyole","Oyo",1.01601302702,0.0546861874454,"Oluyole",568,667.952772374909,"31_2"
"Ona-Ara","Oyo",0.842971711904,0.0272149692894,"Ona-Ara",571,332.37627489466,"31_2"
"Orelope","Oyo",1.27465554569,0.0749289788179,"Orelope",580,911.68922944329,"31_3"
"Ori Ire","Oyo",1.93756935971,0.166944447051,"Ori Ire",582,2033.72256303435,"31_1"
"Oyo East","Oyo",1.06547286866,0.0292951549781,"Oyo East",611,357.34102859283,"31_1"
"Oyo West","Oyo",1.35834406149,0.0488424521592,"Oyo West",612,595.665612932427,"31_1"
"Saki East","Oyo",1.60551167713,0.112367682117,"Saki East",638,1367.67502713496,"31_3"
"Saki West","Oyo",2.04748641645,0.154395253479,"Saki West",639,1879.46586907247,"31_3"
"Surulere","Oyo",1.32691998569,0.0850406544956,"Surulere_Oyo",666,1036.63086425222,"31_1"
"Barikin Ladi","Plateau",1.53289352404,0.0820866362262,"Barikin Ladi",88,996.772893626777,"32_1"
"Bassa","Plateau",1.92543851534,0.135893456643,"Bassa_Plateau",91,1647.57110828866,"32_1"
"Bokkos","Plateau",1.55906328994,0.141636512508,"Bokkos",113,1721.49157377678,"32_2"
"Jos East","Plateau",1.133166752,0.0847189786347,"Jos East",376,1027.73433906707,"32_1"
"Jos North","Plateau",0.630279702463,0.0216173893044,"Jos North",377,262.197542541948,"32_1"
"Jos South","Plateau",1.0014380124,0.0466533226522,"Jos South",378,566.16371978291,"32_1"
"Kanam","Plateau",2.58837142839,0.226096718077,"Kanam",393,2745.85756305921,"32_3"
"Kanke","Plateau",1.39078082649,0.0774039836508,"Kanke",395,940.370124926356,"32_4"
"Langtang North","Plateau",1.44941647217,0.064352157262,"Langtang North",445,782.424679714026,"32_4"
"Langtang South","Plateau",1.44596870811,0.0984758023919,"Langtang South",446,1198.87736735535,"32_4"
"Mangu","Plateau",2.1180418688,0.132505660236,"Mangu",465,1609.67946586555,"32_2"
"Mikang","Plateau",1.28916434885,0.0645686862686,"Mikang",479,785.218291209465,"32_4"
"Pankshin","Plateau",2.04354339833,0.118058078569,"Pankshin",615,1434.64730884247,"32_4"
"Qua'an Pan","Plateau",2.30370606362,0.208712469014,"Qua'an Pan",620,2539.91764570634,"32_2"
"Riyom","Plateau",1.266717606,0.068229442793,"Riyom",629,828.472785580135,"32_1"
"Shendam","Plateau",2.59710959048,0.200463358328,"Shendam",649,2439.80988885788,"32_4"
"Wase","Plateau",2.92231480486,0.409522981882,"Wase",721,4979.46328480813,"32_3"
"Abua/Odual","Rivers",1.2570649526,0.0583775330228,"Abua/Odual",10,716.082323325685,"33_1"
"Ahoada East","Rivers",0.931190380696,0.0259453373401,"Ahoada East",25,318.152912375452,"33_1"
"Ahoada West","Rivers",0.961109860656,0.035915673181,"Ahoada West",26,440.409999588681,"33_1"
"Akuku Toru","Rivers",1.42004523421,0.101608459852,"Akuku Toru",41,1246.89069908274,"33_1"
"Andoni","Rivers",0.727159576421,0.0204684870726,"Andoni",53,251.190583600163,"33_1"
"Asari-Toru","Rivers",0.534923169271,0.00937565380039,"Asari-Toru",66,115.019395593204,"33_1"
"Bonny","Rivers",1.28685762847,0.0449427563539,"Bonny",116,551.545112476423,"33_1"
"Degema","Rivers",1.86438160456,0.0804015302787,"Degema",149,986.598078293733,"33_1"
"Eleme","Rivers",0.417571399393,0.0111349588746,"Eleme",181,136.595250064206,"33_1"
"Emohua","Rivers",1.54888034094,0.0679258901472,"Emohua",182,833.001044607513,"33_1"
"Etche","Rivers",1.12608864161,0.066534288612,"Etche",195,815.82739774163,"33_1"
"Gokana","Rivers",0.452240966797,0.0108189773447,"Gokana",237,132.742386689288,"33_1"
"Ikwerre","Rivers",1.09122762494,0.0536734863731,"Ikwerre",323,658.159172244974,"33_1"
"Khana","Rivers",0.990284935863,0.0455529054286,"Khana",414,558.893173905992,"33_1"
"Obia/Akpor","Rivers",0.817310695893,0.0210047736752,"Obia/Akpor",522,257.642424550274,"33_1"
"Ogba/Egbema/Ndoni","Rivers",1.73388923131,0.0781929393703,"Ogba/Egbema/Ndoni",535,958.329266808936,"33_1"
"Ogu/Bolo","Rivers",0.60146485982,0.0105956245951,"Ogu/Bolo",544,130.006504635671,"33_1"
"Okrika","Rivers",0.947480420262,0.0233438035808,"Okrika",563,286.41159585001,"33_1"
"Omumma","Rivers",0.599861214375,0.0129469682934,"Omumma",570,158.755602052825,"33_1"
"Opobo/Nkoro","Rivers",0.514515235174,0.00936726924896,"Opobo/Nkoro",578,114.955882974772,"33_1"
"Oyigbo","Rivers",0.921945181634,0.0201596685418,"Oyigbo",610,247.286734020062,"33_1"
"Port-Harcourt","Rivers",0.51517478354,0.00881985127425,"Port-Harcourt",618,108.197221696905,"33_1"
"Tai","Rivers",0.508084007443,0.0130886790661,"Tai",669,160.56813819536,"33_1"
"Binji","Sokoto",1.48940580547,0.0690570604447,"Binji",104,828.180234651615,"34_1"
"Bodinga","Sokoto",1.10551240835,0.0531057195167,"Bodinga",110,637.817992530292,"34_2"
"Dange-Shuni","Sokoto",1.40570211677,0.0944077287166,"Dange-Shuni",142,1133.80460074921,"34_2"
"Gada","Sokoto",1.96035063933,0.126603772892,"Gada",219,1515.21705598676,"34_3"
"Goronyo","Sokoto",2.31566494369,0.142599385147,"Goronyo",240,1708.91817710605,"34_3"
"Gudu","Sokoto",2.20779614985,0.273935769274,"Gudu",241,3281.83240619882,"34_1"
"Gwadabawa","Sokoto",1.72478160102,0.0839873877581,"Gwadabawa",251,1006.30469480321,"34_2"
"Illela","Sokoto",1.63088318301,0.0903384813948,"Illela",332,1081.32949283522,"34_2"
"Isa","Sokoto",2.39039496919,0.180506064053,"Isa",346,2164.61766071958,"34_3"
"Kebbe","Sokoto",2.31446856488,0.217864118337,"Kebbe",412,2625.41968142525,"34_4"
"Kware","Sokoto",1.33767375364,0.049673948343,"Kware",439,595.846177589676,"34_2"
"Rabah","Sokoto",2.25330514723,0.199448110392,"Rabah",621,2393.77379804105,"34_3"
"Sabon Birni","Sokoto",1.86233463052,0.198473418908,"Sabon Birni",633,2377.47551544438,"34_3"
"Shagari","Sokoto",1.7793488667,0.108956975329,"Shagari",645,1310.00389758273,"34_5"
"Silame","Sokoto",1.03155109765,0.0665165764982,"Silame",655,798.337604390582,"34_1"
"Sokoto North","Sokoto",0.260779697726,0.00333550299153,"Sokoto North",657,40.0194751361786,"34_2"
"Sokoto South","Sokoto",0.221974036671,0.00237807027856,"Sokoto South",658,28.5364152945871,"34_2"
"Tambuwal","Sokoto",2.44070622974,0.15286502364,"Tambuwal",673,1839.06159048274,"34_5"
"Tangaza","Sokoto",1.92343498682,0.198290911617,"Tangaza",674,2375.12310103392,"34_2"
"Tureta","Sokoto",1.80245728194,0.191199153411,"Tureta",686,2299.35935813574,"34_5"
"Wamako","Sokoto",1.25312435524,0.0552881193611,"Wamako",713,663.355314601191,"34_2"
"Wurno","Sokoto",1.36308478045,0.0567449551535,"Wurno",724,680.374459636377,"34_3"
"Yabo","Sokoto",1.0854001284,0.0639704470337,"Yabo",726,768.378170249921,"34_5"
"Ardo-Kola","Taraba",1.81734719844,0.185597621738,"Ardo-Kola",61,2258.27883771276,"35_1"
"Bali","Taraba",4.26350302308,0.749373358487,"Bali",87,9133.64396802831,"35_2"
"Donga","Taraba",3.02061437848,0.249222675821,"Donga",154,3041.17824189001,"35_3"
"Gashaka","Taraba",3.72004688479,0.686252815012,"Gashaka",227,8376.55810868287,"35_4"
"Gassol","Taraba",3.14145924123,0.45518375617,"Gassol",228,5543.73423263199,"35_2"
"Ibi","Taraba",3.29578640054,0.219104445351,"Ibi",274,2669.14675850709,"35_5"
"Jalingo","Taraba",0.71888047875,0.0156535616959,"Jalingo",371,190.411971592862,"35_1"
"Karim-Lamido","Taraba",3.89025025224,0.544009978124,"Karim-Lamido",400,6612.28167779024,"35_1"
"Kurmi","Taraba",3.0263883502,0.35613997225,"Kurmi",434,4349.98919090904,"35_3"
"Lau","Taraba",1.67912784259,0.136326700608,"Lau",448,1657.10328371806,"35_1"
"Sardauna","Taraba",3.15569478969,0.37598641583,"Sardauna",643,4595.61725403457,"35_6"
"Takum","Taraba",2.91760253247,0.195356999842,"Takum",671,2386.48206787718,"35_7"
"Ussa","Taraba",1.74231207549,0.122364288244,"Ussa",708,1495.02332776074,"35_7"
"Wukari","Taraba",3.08621207744,0.322824832419,"Wukari",723,3936.06872063345,"35_5"
"Yorro","Taraba",1.82807537329,0.104612806879,"Yorro",737,1272.59952692753,"35_8"
"Zing","Taraba",1.18619500143,0.084463584088,"Zing",744,1027.53231379159,"35_8"
"Bade","Yobe",1.90165399913,0.0693847541811,"Bade",80,833.605085102541,"36_1"
"Bursari","Yobe",2.39430053509,0.317661158332,"Bursari",126,3816.70217264171,"36_2"
"Damaturu","Yobe",2.0504964459,0.194429708737,"Damaturu",136,2343.70013187758,"36_3"
"Fika","Yobe",2.24353784528,0.178199679622,"Fika",213,2151.52905906006,"36_4"
"Fune","Yobe",3.28163618779,0.454204556563,"Fune",216,5475.00756050094,"36_4"
"Geidam","Yobe",2.66520767405,0.319617194217,"Geidam",232,3840.76836372533,"36_2"
"Gujba","Yobe",2.64121828333,0.287317634149,"Gujba",242,3468.9954774816,"36_5"
"Gulani","Yobe",2.19349503093,0.176144664367,"Gulani",243,2129.77539765093,"36_5"
"Jakusko","Yobe",2.68935104383,0.293464689669,"Jakusko",370,3529.61743916749,"36_1"
"Karasuwa","Yobe",2.09338611188,0.110979484949,"Karasuwa",398,1332.05264424903,"36_6"
"Machina","Yobe",1.7791609249,0.106661884861,"Machina",453,1279.90458023591,"36_7"
"Nangere","Yobe",1.77422623266,0.0866000651427,"Nangere",493,1043.94387717821,"36_4"
"Nguru","Yobe",1.18674730509,0.0680359291352,"Nguru",502,816.650179197742,"36_7"
"Potiskum","Yobe",0.905952863254,0.0477617196146,"Potiskum",619,575.990332296216,"36_4"
"Tarmua","Yobe",2.9031858416,0.375973634623,"Tarmua",677,4525.37880664117,"36_3"
"Yunusari","Yobe",3.11199746879,0.318021920392,"Yunusari",738,3815.33914723953,"36_2"
"Yusufari","Yobe",3.34155383441,0.322229615883,"Yusufari",739,3864.57064487454,"36_6"
"Anka","Zamfara",2.29037135522,0.211518230019,"Anka",57,2548.70675895711,"37_1"
"Bakura","Zamfara",1.61675791166,0.12492847959,"Bakura",85,1501.64606489834,"37_2"
"Birnin Magaji","Zamfara",1.49652658736,0.103099639755,"Birnin Magaji",109,1239.95729951567,"37_3"
"Bukkuyum","Zamfara",2.40028507179,0.273541342364,"Bukkuyum",122,3296.08493624961,"37_1"
"Bungudu","Zamfara",2.84083623254,0.168688468373,"Bungudu",123,2031.39368783654,"37_4"
"Gummi","Zamfara",2.0440079742,0.216290058587,"Gummi",246,2605.41660987951,"37_5"
"Gusau","Zamfara",3.49760285029,0.224776268357,"Gusau",249,2709.39586458926,"37_4"
"Kaura Namoda","Zamfara",1.47896553892,0.0720219732532,"Kaura Namoda",408,866.043446299834,"37_3"
"Maradun","Zamfara",2.42125399616,0.229229222712,"Maradun",467,2753.95031401772,"37_2"
"Maru","Zamfara",5.08944359845,0.597959232988,"Maru",470,7215.51481379197,"37_4"
"Shinkafi","Zamfara",1.38540444395,0.0652385619168,"Shinkafi",650,782.880451408212,"37_3"
"Talata Mafara","Zamfara",1.5523456217,0.121835766544,"Talata Mafara",672,1465.80856127973,"37_2"
"Tsafe","Zamfara",1.95026895686,0.15019064914,"Tsafe",683,1810.18791540031,"37_4"
"Zurmi","Zamfara",2.61193403579,0.223537567904,"Zurmi",745,2684.60712108698,"37_3"
